[
{
    "dateTime": "23-02-2022 13:33",
    "owner": {"id": 580596},
    "task": {"id": 1965088},
    "hidden": false,
    "description": "Контакт создан",
    "id": 7508592,
    "type": "TaskCreated"
}
,{
    "dateTime": "23-02-2022 13:33",
    "owner": {"id": 580596},
    "task": {"id": 1965090},
    "hidden": false,
    "description": "Контакт создан",
    "id": 7508594,
    "type": "TaskCreated"
}
,{
    "dateTime": "23-02-2022 13:34",
    "owner": {"id": 580602},
    "task": {"id": 1965092},
    "hidden": true,
    "description": "Здесь обсуждаются общие новости компании и не очень рабочие вопросы: поздравления, совместный отдых, подготовка к корпоративам.\n<br>\n<br>Подключите к этой задаче рабочий чат Телеграма (если он у вас есть), чтобы сотрудники, которых вы не планируете добавлять в ПланФикс, тоже могли участвовать в общении.\n<br>\n<br>\n<a href=\"https://planfix.ru/docs/%D0%9A%D0%B0%D0%BA_%D0%BF%D0%BE%D0%B4%D0%BA%D0%BB%D1%8E%D1%87%D0%B8%D1%82%D1%8C_%D0%9E%D0%B1%D1%89%D0%B8%D0%B9_%D1%87%D0%B0%D1%82_%D0%B2_%D0%9F%D0%BB%D0%B0%D0%BD%D0%A4%D0%B8%D0%BA%D1%81%D0%B5_%D0%BA_%D1%87%D0%B0%D1%82%D1%83_%D0%B2_Telegram\">Инструкция по подключению<\/a>",
    "id": 7508678,
    "type": "Action"
}
,{
    "dateTime": "23-02-2022 13:33",
    "owner": {"id": 580602},
    "task": {"id": 1965092},
    "hidden": false,
    "description": "Задача создана",
    "id": 7508596,
    "type": "TaskCreated"
}
,{
    "dateTime": "23-02-2022 13:33",
    "owner": {"id": 580596},
    "task": {"id": 1965094},
    "hidden": false,
    "description": "Контакт создан",
    "id": 7508598,
    "type": "TaskCreated"
}
,{
    "dateTime": "23-02-2022 13:33",
    "owner": {"id": 580596},
    "task": {"id": 1965096},
    "hidden": false,
    "description": "Задача создана",
    "id": 7508600,
    "type": "TaskCreated"
}
,{
    "dateTime": "23-02-2022 13:33",
    "owner": {"id": 580596},
    "task": {"id": 1965098},
    "hidden": false,
    "description": "Задача создана",
    "id": 7508604,
    "type": "TaskCreated"
}
,{
    "dateTime": "23-02-2022 13:33",
    "owner": {"id": 580596},
    "task": {"id": 1965098},
    "hidden": false,
    "description": "{event78}: {logintype2} <a href='https://kubarevinc.planfix.ru/?action=user&id=75698'>Мария Демидова (демо)<\/a>",
    "id": 7508602,
    "type": "WorkerEmployed"
}
,{
    "dateTime": "23-02-2022 13:33",
    "owner": {"id": 580596},
    "task": {"id": 1965100},
    "hidden": false,
    "description": "Задача создана",
    "id": 7508608,
    "type": "TaskCreated"
}
,{
    "dateTime": "23-02-2022 13:33",
    "owner": {"id": 580596},
    "task": {"id": 1965100},
    "hidden": false,
    "description": "{event78}: {logintype2} <a href='https://kubarevinc.planfix.ru/?action=user&id=75698'>Мария Демидова (демо)<\/a>",
    "id": 7508606,
    "type": "WorkerEmployed"
}
,{
    "dateTime": "23-02-2022 13:33",
    "owner": {"id": 580596},
    "task": {"id": 1965102},
    "hidden": false,
    "description": "Задача создана",
    "id": 7508612,
    "type": "TaskCreated"
}
,{
    "dateTime": "23-02-2022 13:42",
    "owner": {"id": 580596},
    "task": {"id": 1965102},
    "hidden": false,
    "description": "",
    "id": 7508964,
    "type": "StatusChanged"
}
,{
    "dateTime": "23-02-2022 13:33",
    "owner": {"id": 580596},
    "task": {"id": 1965102},
    "hidden": false,
    "description": "{event78}: {logintype2} <a href='https://kubarevinc.planfix.ru/?action=user&id=75698'>Мария Демидова (демо)<\/a>",
    "id": 7508610,
    "type": "WorkerEmployed"
}
,{
    "dateTime": "23-02-2022 13:42",
    "owner": {"id": 580596},
    "task": {"id": 1965102},
    "hidden": false,
    "description": "К работе над задачей подключен(а): сотрудник <a href='/user/1' >Vadim Kubarev<\/a>",
    "id": 7508954,
    "type": "WorkerEmployed"
}
,{
    "dateTime": "23-02-2022 13:42",
    "owner": {"id": 580596},
    "task": {"id": 1965102},
    "hidden": false,
    "description": "Больше не является исполнителем по задаче: сотрудник <a href='/user/3' >Мария Демидова (демо)<\/a>",
    "id": 7508952,
    "type": "WorkerUnemployed"
}
,{
    "dateTime": "23-02-2022 13:33",
    "owner": {"id": 580596},
    "task": {"id": 1965104},
    "hidden": false,
    "description": "Задача создана",
    "id": 7508616,
    "type": "TaskCreated"
}
,{
    "dateTime": "23-02-2022 13:33",
    "owner": {"id": 580596},
    "task": {"id": 1965104},
    "hidden": false,
    "description": "{event78}: {logintype2} <a href='https://kubarevinc.planfix.ru/?action=user&id=75700'>Николай Кузнецов (демо)<\/a>",
    "id": 7508614,
    "type": "WorkerEmployed"
}
,{
    "dateTime": "23-02-2022 13:34",
    "owner": {"id": 580596},
    "task": {"id": 1965110},
    "hidden": false,
    "description": "Задача создана",
    "id": 7508670,
    "type": "TaskCreated"
}
,{
    "dateTime": "23-02-2022 13:34",
    "owner": {"id": 580596},
    "task": {"id": 1965112},
    "hidden": false,
    "description": "Задача создана",
    "id": 7508672,
    "type": "TaskCreated"
}
,{
    "dateTime": "23-02-2022 13:34",
    "owner": {"id": 580596},
    "task": {"id": 1965114},
    "hidden": false,
    "description": "Задача создана",
    "id": 7508674,
    "type": "TaskCreated"
}
,{
    "dateTime": "23-02-2022 13:34",
    "owner": {"id": 580596},
    "task": {"id": 1965116},
    "hidden": false,
    "description": "Задача создана",
    "id": 7508676,
    "type": "TaskCreated"
}
,{
    "dateTime": "23-02-2022 13:34",
    "owner": {"id": 580596},
    "task": {"id": 1965118},
    "hidden": false,
    "description": "Задача создана",
    "id": 7508680,
    "type": "TaskCreated"
}
,{
    "dateTime": "23-02-2022 13:34",
    "owner": {"id": 580596},
    "task": {"id": 1965118},
    "hidden": false,
    "description": "{event78}: {logintype2} <a href='https://kubarevinc.planfix.ru/?action=user&id=75694'>Vadim Kubarev<\/a>",
    "id": 7508682,
    "type": "WorkerEmployed"
}
,{
    "dateTime": "23-02-2022 13:34",
    "owner": {"id": 580596},
    "task": {"id": 1965120},
    "hidden": false,
    "description": "Задача создана",
    "id": 7508684,
    "type": "TaskCreated"
}
,{
    "dateTime": "23-02-2022 13:34",
    "owner": {"id": 580596},
    "task": {"id": 1965122},
    "hidden": false,
    "description": "Задача создана",
    "id": 7508686,
    "type": "TaskCreated"
}
,{
    "dateTime": "23-02-2022 13:34",
    "owner": {"id": 580596},
    "task": {"id": 1965124},
    "hidden": false,
    "description": "Задача создана",
    "id": 7508688,
    "type": "TaskCreated"
}
,{
    "dateTime": "09-03-2022 17:00",
    "owner": {"id": 580596},
    "task": {"id": 2117272},
    "hidden": false,
    "description": "Задача создана",
    "id": 8679274,
    "type": "TaskCreated"
}
,{
    "dateTime": "09-03-2022 17:29",
    "owner": {"id": 580596},
    "task": {"id": 2117272},
    "hidden": false,
    "description": "",
    "id": 8680478,
    "type": "StatusChanged"
}
,{
    "dateTime": "09-03-2022 17:01",
    "owner": {"id": 580596},
    "task": {"id": 2117272},
    "hidden": false,
    "description": "{event21}",
    "id": 8679286,
    "type": "TaskOverdued"
}
,{
    "dateTime": "09-03-2022 17:01",
    "owner": {"id": 580596},
    "task": {"id": 2117272},
    "hidden": false,
    "description": "{log26}",
    "id": 8679288,
    "type": "TaskChanged"
}
,{
    "dateTime": "09-03-2022 17:02",
    "owner": {"id": 580596},
    "task": {"id": 2117278},
    "hidden": false,
    "description": "Задача создана",
    "id": 8679308,
    "type": "TaskCreated"
}
,{
    "dateTime": "09-03-2022 17:29",
    "owner": {"id": 580596},
    "task": {"id": 2117278},
    "hidden": false,
    "description": "",
    "id": 8680480,
    "type": "StatusChanged"
}
,{
    "dateTime": "09-03-2022 17:17",
    "owner": {"id": 580596},
    "task": {"id": 2117278},
    "hidden": false,
    "description": "{event21}",
    "id": 8680022,
    "type": "TaskOverdued"
}
,{
    "dateTime": "09-03-2022 17:02",
    "owner": {"id": 580596},
    "task": {"id": 2117278},
    "hidden": false,
    "description": "К работе над задачей подключен(а): сотрудник <a href='/user/1' >Vadim Kubarev<\/a>",
    "id": 8679310,
    "type": "WorkerEmployed"
}
,{
    "dateTime": "09-03-2022 17:31",
    "owner": {"id": 580596},
    "task": {"id": 2117278},
    "hidden": false,
    "description": "К работе над задачей подключен(а): сотрудник <a href='/user/5' >Руководитель<\/a><br>{event8}: 24-02-2022 &mdash; 04-03-2022",
    "id": 8680566,
    "type": "WorkerEmployed"
}
,{
    "dateTime": "09-03-2022 17:31",
    "owner": {"id": 580596},
    "task": {"id": 2117278},
    "hidden": false,
    "description": "Больше не является исполнителем по задаче: сотрудник <a href='/user/1' >Vadim Kubarev<\/a>",
    "id": 8680564,
    "type": "WorkerUnemployed"
}
,{
    "dateTime": "09-03-2022 17:17",
    "owner": {"id": 580596},
    "task": {"id": 2117278},
    "hidden": false,
    "description": "{log26}",
    "id": 8680024,
    "type": "TaskChanged"
}
,{
    "dateTime": "09-03-2022 17:02",
    "owner": {"id": 580596},
    "task": {"id": 2117278},
    "hidden": false,
    "description": "К участникам задачи добавлен(а): сотрудник <a href='/user/1' >Vadim Kubarev<\/a>",
    "id": 8679312,
    "type": "MemberAdded"
}
,{
    "dateTime": "09-03-2022 17:02",
    "owner": {"id": 580596},
    "task": {"id": 2117286},
    "hidden": false,
    "description": "Задача создана",
    "id": 8679338,
    "type": "TaskCreated"
}
,{
    "dateTime": "09-03-2022 17:29",
    "owner": {"id": 580596},
    "task": {"id": 2117286},
    "hidden": false,
    "description": "",
    "id": 8680482,
    "type": "StatusChanged"
}
,{
    "dateTime": "09-03-2022 17:18",
    "owner": {"id": 580596},
    "task": {"id": 2117286},
    "hidden": false,
    "description": "{event21}",
    "id": 8680030,
    "type": "TaskOverdued"
}
,{
    "dateTime": "09-03-2022 17:02",
    "owner": {"id": 580596},
    "task": {"id": 2117286},
    "hidden": false,
    "description": "К работе над задачей подключен(а): сотрудник <a href='/user/1' >Vadim Kubarev<\/a>",
    "id": 8679340,
    "type": "WorkerEmployed"
}
,{
    "dateTime": "09-03-2022 17:31",
    "owner": {"id": 580596},
    "task": {"id": 2117286},
    "hidden": false,
    "description": "К работе над задачей подключен(а): сотрудник <a href='/user/5' >Руководитель<\/a><br>{event8}: 24-02-2022 &mdash; 25-02-2022",
    "id": 8680578,
    "type": "WorkerEmployed"
}
,{
    "dateTime": "09-03-2022 17:31",
    "owner": {"id": 580596},
    "task": {"id": 2117286},
    "hidden": false,
    "description": "Больше не является исполнителем по задаче: сотрудник <a href='/user/1' >Vadim Kubarev<\/a>",
    "id": 8680576,
    "type": "WorkerUnemployed"
}
,{
    "dateTime": "09-03-2022 17:18",
    "owner": {"id": 580596},
    "task": {"id": 2117286},
    "hidden": false,
    "description": "{log26}",
    "id": 8680032,
    "type": "TaskChanged"
}
,{
    "dateTime": "09-03-2022 17:02",
    "owner": {"id": 580596},
    "task": {"id": 2117286},
    "hidden": false,
    "description": "К участникам задачи добавлен(а): сотрудник <a href='/user/1' >Vadim Kubarev<\/a>",
    "id": 8679342,
    "type": "MemberAdded"
}
,{
    "dateTime": "09-03-2022 17:04",
    "owner": {"id": 580596},
    "task": {"id": 2117296},
    "hidden": false,
    "description": "Задача создана",
    "id": 8679390,
    "type": "TaskCreated"
}
,{
    "dateTime": "09-03-2022 17:04",
    "owner": {"id": 580596},
    "task": {"id": 2117296},
    "hidden": false,
    "description": "К работе над задачей подключен(а): сотрудник <a href='/user/1' >Vadim Kubarev<\/a>",
    "id": 8679392,
    "type": "WorkerEmployed"
}
,{
    "dateTime": "09-03-2022 17:04",
    "owner": {"id": 580596},
    "task": {"id": 2117296},
    "hidden": false,
    "description": "{log26}<br>[<i>{log37}<\/i>]: Срочная<br/><div class='log-expand' title='{log27}'><\/div><span class='fakelink-dashed'>{event1}<\/span> <span class='log-extra' style='display:none;'><br>[<i>{log36}<\/i>]: Обычная<\/span>",
    "id": 8679396,
    "type": "TaskChanged"
}
,{
    "dateTime": "09-03-2022 17:04",
    "owner": {"id": 580596},
    "task": {"id": 2117296},
    "hidden": false,
    "description": "{log26}<br>[<i>{log37}<\/i>]: Обычная<br/><div class='log-expand' title='{log27}'><\/div><span class='fakelink-dashed'>{event1}<\/span> <span class='log-extra' style='display:none;'><br>[<i>{log36}<\/i>]: Срочная<\/span>",
    "id": 8679398,
    "type": "TaskChanged"
}
,{
    "dateTime": "09-03-2022 17:04",
    "owner": {"id": 580596},
    "task": {"id": 2117296},
    "hidden": false,
    "description": "К участникам задачи добавлен(а): сотрудник <a href='/user/1' >Vadim Kubarev<\/a>",
    "id": 8679394,
    "type": "MemberAdded"
}
,{
    "dateTime": "09-03-2022 17:05",
    "owner": {"id": 580596},
    "task": {"id": 2117298},
    "hidden": false,
    "description": "Задача создана",
    "id": 8679400,
    "type": "TaskCreated"
}
,{
    "dateTime": "09-03-2022 17:29",
    "owner": {"id": 580596},
    "task": {"id": 2117298},
    "hidden": false,
    "description": "",
    "id": 8680484,
    "type": "StatusChanged"
}
,{
    "dateTime": "09-03-2022 17:18",
    "owner": {"id": 580596},
    "task": {"id": 2117298},
    "hidden": false,
    "description": "{event21}",
    "id": 8680036,
    "type": "TaskOverdued"
}
,{
    "dateTime": "09-03-2022 17:05",
    "owner": {"id": 580596},
    "task": {"id": 2117298},
    "hidden": false,
    "description": "К работе над задачей подключен(а): сотрудник <a href='/user/1' >Vadim Kubarev<\/a>",
    "id": 8679402,
    "type": "WorkerEmployed"
}
,{
    "dateTime": "09-03-2022 17:31",
    "owner": {"id": 580596},
    "task": {"id": 2117298},
    "hidden": false,
    "description": "К работе над задачей подключен(а): сотрудник <a href='/user/5' >Руководитель<\/a><br>{event8}: 28-02-2022 &mdash; 04-03-2022",
    "id": 8680590,
    "type": "WorkerEmployed"
}
,{
    "dateTime": "09-03-2022 17:31",
    "owner": {"id": 580596},
    "task": {"id": 2117298},
    "hidden": false,
    "description": "Больше не является исполнителем по задаче: сотрудник <a href='/user/1' >Vadim Kubarev<\/a>",
    "id": 8680588,
    "type": "WorkerUnemployed"
}
,{
    "dateTime": "09-03-2022 17:18",
    "owner": {"id": 580596},
    "task": {"id": 2117298},
    "hidden": false,
    "description": "{log26}",
    "id": 8680038,
    "type": "TaskChanged"
}
,{
    "dateTime": "09-03-2022 17:05",
    "owner": {"id": 580596},
    "task": {"id": 2117298},
    "hidden": false,
    "description": "К участникам задачи добавлен(а): сотрудник <a href='/user/1' >Vadim Kubarev<\/a>",
    "id": 8679404,
    "type": "MemberAdded"
}
,{
    "dateTime": "09-03-2022 17:06",
    "owner": {"id": 580596},
    "task": {"id": 2117300},
    "hidden": false,
    "description": "Задача создана",
    "id": 8679410,
    "type": "TaskCreated"
}
,{
    "dateTime": "09-03-2022 17:06",
    "owner": {"id": 580596},
    "task": {"id": 2117300},
    "hidden": false,
    "description": "К работе над задачей подключен(а): сотрудник <a href='/user/1' >Vadim Kubarev<\/a>",
    "id": 8679412,
    "type": "WorkerEmployed"
}
,{
    "dateTime": "09-03-2022 17:31",
    "owner": {"id": 580596},
    "task": {"id": 2117300},
    "hidden": false,
    "description": "К работе над задачей подключен(а): сотрудник <a href='/user/5' >Руководитель<\/a><br>{event8}: 07-03-2022 &mdash; 22-03-2022",
    "id": 8680604,
    "type": "WorkerEmployed"
}
,{
    "dateTime": "09-03-2022 17:31",
    "owner": {"id": 580596},
    "task": {"id": 2117300},
    "hidden": false,
    "description": "Больше не является исполнителем по задаче: сотрудник <a href='/user/1' >Vadim Kubarev<\/a>",
    "id": 8680602,
    "type": "WorkerUnemployed"
}
,{
    "dateTime": "09-03-2022 17:19",
    "owner": {"id": 580596},
    "task": {"id": 2117300},
    "hidden": false,
    "description": "{log26}",
    "id": 8680068,
    "type": "TaskChanged"
}
,{
    "dateTime": "09-03-2022 17:06",
    "owner": {"id": 580596},
    "task": {"id": 2117300},
    "hidden": false,
    "description": "К участникам задачи добавлен(а): сотрудник <a href='/user/1' >Vadim Kubarev<\/a>",
    "id": 8679414,
    "type": "MemberAdded"
}
,{
    "dateTime": "09-03-2022 17:06",
    "owner": {"id": 580596},
    "task": {"id": 2117304},
    "hidden": false,
    "description": "Задача создана",
    "id": 8679418,
    "type": "TaskCreated"
}
,{
    "dateTime": "09-03-2022 17:06",
    "owner": {"id": 580596},
    "task": {"id": 2117304},
    "hidden": false,
    "description": "К работе над задачей подключен(а): сотрудник <a href='/user/1' >Vadim Kubarev<\/a>",
    "id": 8679420,
    "type": "WorkerEmployed"
}
,{
    "dateTime": "09-03-2022 17:32",
    "owner": {"id": 580596},
    "task": {"id": 2117304},
    "hidden": false,
    "description": "К работе над задачей подключен(а): сотрудник <a href='/user/5' >Руководитель<\/a><br>{event8}: 07-03-2022 &mdash; 10-03-2022",
    "id": 8680628,
    "type": "WorkerEmployed"
}
,{
    "dateTime": "09-03-2022 17:32",
    "owner": {"id": 580596},
    "task": {"id": 2117304},
    "hidden": false,
    "description": "Больше не является исполнителем по задаче: сотрудник <a href='/user/1' >Vadim Kubarev<\/a>",
    "id": 8680626,
    "type": "WorkerUnemployed"
}
,{
    "dateTime": "09-03-2022 17:19",
    "owner": {"id": 580596},
    "task": {"id": 2117304},
    "hidden": false,
    "description": "{log26}",
    "id": 8680070,
    "type": "TaskChanged"
}
,{
    "dateTime": "09-03-2022 17:06",
    "owner": {"id": 580596},
    "task": {"id": 2117304},
    "hidden": false,
    "description": "К участникам задачи добавлен(а): сотрудник <a href='/user/1' >Vadim Kubarev<\/a>",
    "id": 8679422,
    "type": "MemberAdded"
}
,{
    "dateTime": "09-03-2022 17:06",
    "owner": {"id": 580596},
    "task": {"id": 2117314},
    "hidden": false,
    "description": "Задача создана",
    "id": 8679454,
    "type": "TaskCreated"
}
,{
    "dateTime": "09-03-2022 17:06",
    "owner": {"id": 580596},
    "task": {"id": 2117314},
    "hidden": false,
    "description": "К работе над задачей подключен(а): сотрудник <a href='/user/1' >Vadim Kubarev<\/a>",
    "id": 8679456,
    "type": "WorkerEmployed"
}
,{
    "dateTime": "09-03-2022 17:19",
    "owner": {"id": 580596},
    "task": {"id": 2117314},
    "hidden": false,
    "description": "{log26}",
    "id": 8680074,
    "type": "TaskChanged"
}
,{
    "dateTime": "09-03-2022 17:06",
    "owner": {"id": 580596},
    "task": {"id": 2117314},
    "hidden": false,
    "description": "К участникам задачи добавлен(а): сотрудник <a href='/user/1' >Vadim Kubarev<\/a>",
    "id": 8679458,
    "type": "MemberAdded"
}
,{
    "dateTime": "09-03-2022 17:06",
    "owner": {"id": 580596},
    "task": {"id": 2117316},
    "hidden": false,
    "description": "Задача создана",
    "id": 8679502,
    "type": "TaskCreated"
}
,{
    "dateTime": "09-03-2022 17:06",
    "owner": {"id": 580596},
    "task": {"id": 2117316},
    "hidden": false,
    "description": "К работе над задачей подключен(а): сотрудник <a href='/user/1' >Vadim Kubarev<\/a>",
    "id": 8679504,
    "type": "WorkerEmployed"
}
,{
    "dateTime": "09-03-2022 17:19",
    "owner": {"id": 580596},
    "task": {"id": 2117316},
    "hidden": false,
    "description": "{log26}",
    "id": 8680076,
    "type": "TaskChanged"
}
,{
    "dateTime": "09-03-2022 17:06",
    "owner": {"id": 580596},
    "task": {"id": 2117316},
    "hidden": false,
    "description": "К участникам задачи добавлен(а): сотрудник <a href='/user/1' >Vadim Kubarev<\/a>",
    "id": 8679506,
    "type": "MemberAdded"
}
,{
    "dateTime": "09-03-2022 17:07",
    "owner": {"id": 580596},
    "task": {"id": 2117318},
    "hidden": false,
    "description": "Задача создана",
    "id": 8679512,
    "type": "TaskCreated"
}
,{
    "dateTime": "09-03-2022 17:07",
    "owner": {"id": 580596},
    "task": {"id": 2117318},
    "hidden": false,
    "description": "К работе над задачей подключен(а): сотрудник <a href='/user/1' >Vadim Kubarev<\/a>",
    "id": 8679514,
    "type": "WorkerEmployed"
}
,{
    "dateTime": "09-03-2022 17:20",
    "owner": {"id": 580596},
    "task": {"id": 2117318},
    "hidden": false,
    "description": "{log26}",
    "id": 8680080,
    "type": "TaskChanged"
}
,{
    "dateTime": "09-03-2022 17:07",
    "owner": {"id": 580596},
    "task": {"id": 2117318},
    "hidden": false,
    "description": "К участникам задачи добавлен(а): сотрудник <a href='/user/1' >Vadim Kubarev<\/a>",
    "id": 8679516,
    "type": "MemberAdded"
}
,{
    "dateTime": "09-03-2022 17:07",
    "owner": {"id": 580596},
    "task": {"id": 2117320},
    "hidden": false,
    "description": "Задача создана",
    "id": 8679524,
    "type": "TaskCreated"
}
,{
    "dateTime": "09-03-2022 17:07",
    "owner": {"id": 580596},
    "task": {"id": 2117320},
    "hidden": false,
    "description": "К работе над задачей подключен(а): сотрудник <a href='/user/1' >Vadim Kubarev<\/a>",
    "id": 8679528,
    "type": "WorkerEmployed"
}
,{
    "dateTime": "09-03-2022 17:32",
    "owner": {"id": 580596},
    "task": {"id": 2117320},
    "hidden": false,
    "description": "К работе над задачей подключен(а): сотрудник <a href='/user/5' >Руководитель<\/a><br>{event8}: 22-03-2022 &mdash; 22-03-2022",
    "id": 8680662,
    "type": "WorkerEmployed"
}
,{
    "dateTime": "09-03-2022 17:32",
    "owner": {"id": 580596},
    "task": {"id": 2117320},
    "hidden": false,
    "description": "Больше не является исполнителем по задаче: сотрудник <a href='/user/1' >Vadim Kubarev<\/a>",
    "id": 8680660,
    "type": "WorkerUnemployed"
}
,{
    "dateTime": "09-03-2022 17:20",
    "owner": {"id": 580596},
    "task": {"id": 2117320},
    "hidden": false,
    "description": "{log26}",
    "id": 8680084,
    "type": "TaskChanged"
}
,{
    "dateTime": "09-03-2022 17:07",
    "owner": {"id": 580596},
    "task": {"id": 2117320},
    "hidden": false,
    "description": "К участникам задачи добавлен(а): сотрудник <a href='/user/1' >Vadim Kubarev<\/a>",
    "id": 8679530,
    "type": "MemberAdded"
}
,{
    "dateTime": "09-03-2022 17:09",
    "owner": {"id": 580596},
    "task": {"id": 2117332},
    "hidden": false,
    "description": "Задача создана",
    "id": 8679606,
    "type": "TaskCreated"
}
,{
    "dateTime": "09-03-2022 17:09",
    "owner": {"id": 580596},
    "task": {"id": 2117332},
    "hidden": false,
    "description": "К работе над задачей подключен(а): сотрудник <a href='/user/1' >Vadim Kubarev<\/a>",
    "id": 8679608,
    "type": "WorkerEmployed"
}
,{
    "dateTime": "09-03-2022 17:20",
    "owner": {"id": 580596},
    "task": {"id": 2117332},
    "hidden": false,
    "description": "{log26}",
    "id": 8680086,
    "type": "TaskChanged"
}
,{
    "dateTime": "09-03-2022 17:09",
    "owner": {"id": 580596},
    "task": {"id": 2117332},
    "hidden": false,
    "description": "К участникам задачи добавлен(а): сотрудник <a href='/user/1' >Vadim Kubarev<\/a>",
    "id": 8679610,
    "type": "MemberAdded"
}
,{
    "dateTime": "09-03-2022 17:09",
    "owner": {"id": 580596},
    "task": {"id": 2117334},
    "hidden": false,
    "description": "Задача создана",
    "id": 8679622,
    "type": "TaskCreated"
}
,{
    "dateTime": "09-03-2022 17:09",
    "owner": {"id": 580596},
    "task": {"id": 2117334},
    "hidden": false,
    "description": "К работе над задачей подключен(а): сотрудник <a href='/user/1' >Vadim Kubarev<\/a>",
    "id": 8679624,
    "type": "WorkerEmployed"
}
,{
    "dateTime": "09-03-2022 17:20",
    "owner": {"id": 580596},
    "task": {"id": 2117334},
    "hidden": false,
    "description": "{log26}",
    "id": 8680090,
    "type": "TaskChanged"
}
,{
    "dateTime": "09-03-2022 17:09",
    "owner": {"id": 580596},
    "task": {"id": 2117334},
    "hidden": false,
    "description": "К участникам задачи добавлен(а): сотрудник <a href='/user/1' >Vadim Kubarev<\/a>",
    "id": 8679626,
    "type": "MemberAdded"
}
,{
    "dateTime": "09-03-2022 17:09",
    "owner": {"id": 580596},
    "task": {"id": 2117336},
    "hidden": false,
    "description": "Задача создана",
    "id": 8679628,
    "type": "TaskCreated"
}
,{
    "dateTime": "09-03-2022 17:09",
    "owner": {"id": 580596},
    "task": {"id": 2117336},
    "hidden": false,
    "description": "К работе над задачей подключен(а): сотрудник <a href='/user/1' >Vadim Kubarev<\/a>",
    "id": 8679630,
    "type": "WorkerEmployed"
}
,{
    "dateTime": "09-03-2022 17:20",
    "owner": {"id": 580596},
    "task": {"id": 2117336},
    "hidden": false,
    "description": "{log26}",
    "id": 8680144,
    "type": "TaskChanged"
}
,{
    "dateTime": "09-03-2022 17:09",
    "owner": {"id": 580596},
    "task": {"id": 2117336},
    "hidden": false,
    "description": "К участникам задачи добавлен(а): сотрудник <a href='/user/1' >Vadim Kubarev<\/a>",
    "id": 8679632,
    "type": "MemberAdded"
}
,{
    "dateTime": "09-03-2022 17:10",
    "owner": {"id": 580596},
    "task": {"id": 2117338},
    "hidden": false,
    "description": "Задача создана",
    "id": 8679638,
    "type": "TaskCreated"
}
,{
    "dateTime": "09-03-2022 17:10",
    "owner": {"id": 580596},
    "task": {"id": 2117338},
    "hidden": false,
    "description": "К работе над задачей подключен(а): сотрудник <a href='/user/1' >Vadim Kubarev<\/a>",
    "id": 8679640,
    "type": "WorkerEmployed"
}
,{
    "dateTime": "09-03-2022 17:21",
    "owner": {"id": 580596},
    "task": {"id": 2117338},
    "hidden": false,
    "description": "{log26}",
    "id": 8680146,
    "type": "TaskChanged"
}
,{
    "dateTime": "09-03-2022 17:10",
    "owner": {"id": 580596},
    "task": {"id": 2117338},
    "hidden": false,
    "description": "К участникам задачи добавлен(а): сотрудник <a href='/user/1' >Vadim Kubarev<\/a>",
    "id": 8679642,
    "type": "MemberAdded"
}
,{
    "dateTime": "09-03-2022 17:10",
    "owner": {"id": 580596},
    "task": {"id": 2117340},
    "hidden": false,
    "description": "Задача создана",
    "id": 8679648,
    "type": "TaskCreated"
}
,{
    "dateTime": "09-03-2022 17:10",
    "owner": {"id": 580596},
    "task": {"id": 2117340},
    "hidden": false,
    "description": "К работе над задачей подключен(а): сотрудник <a href='/user/1' >Vadim Kubarev<\/a>",
    "id": 8679650,
    "type": "WorkerEmployed"
}
,{
    "dateTime": "09-03-2022 17:21",
    "owner": {"id": 580596},
    "task": {"id": 2117340},
    "hidden": false,
    "description": "{log26}",
    "id": 8680160,
    "type": "TaskChanged"
}
,{
    "dateTime": "09-03-2022 17:10",
    "owner": {"id": 580596},
    "task": {"id": 2117340},
    "hidden": false,
    "description": "К участникам задачи добавлен(а): сотрудник <a href='/user/1' >Vadim Kubarev<\/a>",
    "id": 8679652,
    "type": "MemberAdded"
}
,{
    "dateTime": "09-03-2022 17:10",
    "owner": {"id": 580596},
    "task": {"id": 2117348},
    "hidden": false,
    "description": "Задача создана",
    "id": 8679702,
    "type": "TaskCreated"
}
,{
    "dateTime": "09-03-2022 17:10",
    "owner": {"id": 580596},
    "task": {"id": 2117348},
    "hidden": false,
    "description": "К работе над задачей подключен(а): сотрудник <a href='/user/1' >Vadim Kubarev<\/a>",
    "id": 8679704,
    "type": "WorkerEmployed"
}
,{
    "dateTime": "09-03-2022 17:10",
    "owner": {"id": 580596},
    "task": {"id": 2117348},
    "hidden": false,
    "description": "К участникам задачи добавлен(а): сотрудник <a href='/user/1' >Vadim Kubarev<\/a>",
    "id": 8679706,
    "type": "MemberAdded"
}
,{
    "dateTime": "09-03-2022 17:11",
    "owner": {"id": 580596},
    "task": {"id": 2117362},
    "hidden": false,
    "description": "Задача создана",
    "id": 8679766,
    "type": "TaskCreated"
}
,{
    "dateTime": "09-03-2022 17:11",
    "owner": {"id": 580596},
    "task": {"id": 2117362},
    "hidden": false,
    "description": "К работе над задачей подключен(а): сотрудник <a href='/user/1' >Vadim Kubarev<\/a>",
    "id": 8679768,
    "type": "WorkerEmployed"
}
,{
    "dateTime": "09-03-2022 17:21",
    "owner": {"id": 580596},
    "task": {"id": 2117362},
    "hidden": false,
    "description": "{log26}",
    "id": 8680168,
    "type": "TaskChanged"
}
,{
    "dateTime": "09-03-2022 17:11",
    "owner": {"id": 580596},
    "task": {"id": 2117362},
    "hidden": false,
    "description": "К участникам задачи добавлен(а): сотрудник <a href='/user/1' >Vadim Kubarev<\/a>",
    "id": 8679770,
    "type": "MemberAdded"
}
,{
    "dateTime": "09-03-2022 17:12",
    "owner": {"id": 580596},
    "task": {"id": 2117366},
    "hidden": false,
    "description": "Задача создана",
    "id": 8679790,
    "type": "TaskCreated"
}
,{
    "dateTime": "09-03-2022 17:12",
    "owner": {"id": 580596},
    "task": {"id": 2117366},
    "hidden": false,
    "description": "К работе над задачей подключен(а): сотрудник <a href='/user/1' >Vadim Kubarev<\/a>",
    "id": 8679792,
    "type": "WorkerEmployed"
}
,{
    "dateTime": "09-03-2022 17:22",
    "owner": {"id": 580596},
    "task": {"id": 2117366},
    "hidden": false,
    "description": "{log26}",
    "id": 8680184,
    "type": "TaskChanged"
}
,{
    "dateTime": "09-03-2022 17:12",
    "owner": {"id": 580596},
    "task": {"id": 2117366},
    "hidden": false,
    "description": "К участникам задачи добавлен(а): сотрудник <a href='/user/1' >Vadim Kubarev<\/a>",
    "id": 8679794,
    "type": "MemberAdded"
}
,{
    "dateTime": "09-03-2022 17:12",
    "owner": {"id": 580596},
    "task": {"id": 2117372},
    "hidden": false,
    "description": "Задача создана",
    "id": 8679818,
    "type": "TaskCreated"
}
,{
    "dateTime": "09-03-2022 17:12",
    "owner": {"id": 580596},
    "task": {"id": 2117372},
    "hidden": false,
    "description": "К работе над задачей подключен(а): сотрудник <a href='/user/1' >Vadim Kubarev<\/a>",
    "id": 8679820,
    "type": "WorkerEmployed"
}
,{
    "dateTime": "09-03-2022 17:22",
    "owner": {"id": 580596},
    "task": {"id": 2117372},
    "hidden": false,
    "description": "{log26}",
    "id": 8680190,
    "type": "TaskChanged"
}
,{
    "dateTime": "09-03-2022 17:12",
    "owner": {"id": 580596},
    "task": {"id": 2117372},
    "hidden": false,
    "description": "К участникам задачи добавлен(а): сотрудник <a href='/user/1' >Vadim Kubarev<\/a>",
    "id": 8679822,
    "type": "MemberAdded"
}
,{
    "dateTime": "09-03-2022 17:12",
    "owner": {"id": 580596},
    "task": {"id": 2117378},
    "hidden": false,
    "description": "Задача создана",
    "id": 8679842,
    "type": "TaskCreated"
}
,{
    "dateTime": "09-03-2022 17:12",
    "owner": {"id": 580596},
    "task": {"id": 2117378},
    "hidden": false,
    "description": "К работе над задачей подключен(а): сотрудник <a href='/user/1' >Vadim Kubarev<\/a>",
    "id": 8679844,
    "type": "WorkerEmployed"
}
,{
    "dateTime": "09-03-2022 17:22",
    "owner": {"id": 580596},
    "task": {"id": 2117378},
    "hidden": false,
    "description": "{log26}",
    "id": 8680194,
    "type": "TaskChanged"
}
,{
    "dateTime": "09-03-2022 17:12",
    "owner": {"id": 580596},
    "task": {"id": 2117378},
    "hidden": false,
    "description": "К участникам задачи добавлен(а): сотрудник <a href='/user/1' >Vadim Kubarev<\/a>",
    "id": 8679846,
    "type": "MemberAdded"
}
,{
    "dateTime": "09-03-2022 17:13",
    "owner": {"id": 580596},
    "task": {"id": 2117384},
    "hidden": false,
    "description": "Задача создана",
    "id": 8679874,
    "type": "TaskCreated"
}
,{
    "dateTime": "09-03-2022 17:13",
    "owner": {"id": 580596},
    "task": {"id": 2117384},
    "hidden": false,
    "description": "К работе над задачей подключен(а): сотрудник <a href='/user/1' >Vadim Kubarev<\/a>",
    "id": 8679876,
    "type": "WorkerEmployed"
}
,{
    "dateTime": "09-03-2022 17:32",
    "owner": {"id": 580596},
    "task": {"id": 2117384},
    "hidden": false,
    "description": "К работе над задачей подключен(а): сотрудник <a href='/user/5' >Руководитель<\/a><br>{event8}: 13-05-2022 &mdash; 28-06-2022",
    "id": 8680674,
    "type": "WorkerEmployed"
}
,{
    "dateTime": "09-03-2022 17:32",
    "owner": {"id": 580596},
    "task": {"id": 2117384},
    "hidden": false,
    "description": "Больше не является исполнителем по задаче: сотрудник <a href='/user/1' >Vadim Kubarev<\/a>",
    "id": 8680672,
    "type": "WorkerUnemployed"
}
,{
    "dateTime": "09-03-2022 17:23",
    "owner": {"id": 580596},
    "task": {"id": 2117384},
    "hidden": false,
    "description": "{log26}",
    "id": 8680216,
    "type": "TaskChanged"
}
,{
    "dateTime": "09-03-2022 17:13",
    "owner": {"id": 580596},
    "task": {"id": 2117384},
    "hidden": false,
    "description": "К участникам задачи добавлен(а): сотрудник <a href='/user/1' >Vadim Kubarev<\/a>",
    "id": 8679878,
    "type": "MemberAdded"
}
,{
    "dateTime": "09-03-2022 17:13",
    "owner": {"id": 580596},
    "task": {"id": 2117386},
    "hidden": false,
    "description": "Задача создана",
    "id": 8679884,
    "type": "TaskCreated"
}
,{
    "dateTime": "09-03-2022 17:13",
    "owner": {"id": 580596},
    "task": {"id": 2117386},
    "hidden": false,
    "description": "К работе над задачей подключен(а): сотрудник <a href='/user/1' >Vadim Kubarev<\/a>",
    "id": 8679886,
    "type": "WorkerEmployed"
}
,{
    "dateTime": "09-03-2022 17:32",
    "owner": {"id": 580596},
    "task": {"id": 2117386},
    "hidden": false,
    "description": "К работе над задачей подключен(а): сотрудник <a href='/user/5' >Руководитель<\/a><br>{event8}: 13-05-2022 &mdash; 16-05-2022",
    "id": 8680678,
    "type": "WorkerEmployed"
}
,{
    "dateTime": "09-03-2022 17:32",
    "owner": {"id": 580596},
    "task": {"id": 2117386},
    "hidden": false,
    "description": "Больше не является исполнителем по задаче: сотрудник <a href='/user/1' >Vadim Kubarev<\/a>",
    "id": 8680676,
    "type": "WorkerUnemployed"
}
,{
    "dateTime": "09-03-2022 17:24",
    "owner": {"id": 580596},
    "task": {"id": 2117386},
    "hidden": false,
    "description": "{log26}",
    "id": 8680246,
    "type": "TaskChanged"
}
,{
    "dateTime": "09-03-2022 17:25",
    "owner": {"id": 580596},
    "task": {"id": 2117386},
    "hidden": false,
    "description": "{log26}",
    "id": 8680362,
    "type": "TaskChanged"
}
,{
    "dateTime": "09-03-2022 17:13",
    "owner": {"id": 580596},
    "task": {"id": 2117386},
    "hidden": false,
    "description": "К участникам задачи добавлен(а): сотрудник <a href='/user/1' >Vadim Kubarev<\/a>",
    "id": 8679888,
    "type": "MemberAdded"
}
,{
    "dateTime": "09-03-2022 17:14",
    "owner": {"id": 580596},
    "task": {"id": 2117394},
    "hidden": false,
    "description": "Задача создана",
    "id": 8679908,
    "type": "TaskCreated"
}
,{
    "dateTime": "09-03-2022 17:14",
    "owner": {"id": 580596},
    "task": {"id": 2117394},
    "hidden": false,
    "description": "К работе над задачей подключен(а): сотрудник <a href='/user/1' >Vadim Kubarev<\/a>",
    "id": 8679910,
    "type": "WorkerEmployed"
}
,{
    "dateTime": "09-03-2022 17:32",
    "owner": {"id": 580596},
    "task": {"id": 2117394},
    "hidden": false,
    "description": "К работе над задачей подключен(а): сотрудник <a href='/user/5' >Руководитель<\/a><br>{event8}: 17-05-2022 &mdash; 23-05-2022",
    "id": 8680682,
    "type": "WorkerEmployed"
}
,{
    "dateTime": "09-03-2022 17:32",
    "owner": {"id": 580596},
    "task": {"id": 2117394},
    "hidden": false,
    "description": "Больше не является исполнителем по задаче: сотрудник <a href='/user/1' >Vadim Kubarev<\/a>",
    "id": 8680680,
    "type": "WorkerUnemployed"
}
,{
    "dateTime": "09-03-2022 17:25",
    "owner": {"id": 580596},
    "task": {"id": 2117394},
    "hidden": false,
    "description": "{log26}",
    "id": 8680306,
    "type": "TaskChanged"
}
,{
    "dateTime": "09-03-2022 17:25",
    "owner": {"id": 580596},
    "task": {"id": 2117394},
    "hidden": false,
    "description": "{log26}",
    "id": 8680342,
    "type": "TaskChanged"
}
,{
    "dateTime": "09-03-2022 17:14",
    "owner": {"id": 580596},
    "task": {"id": 2117394},
    "hidden": false,
    "description": "К участникам задачи добавлен(а): сотрудник <a href='/user/1' >Vadim Kubarev<\/a>",
    "id": 8679912,
    "type": "MemberAdded"
}
,{
    "dateTime": "09-03-2022 17:14",
    "owner": {"id": 580596},
    "task": {"id": 2117402},
    "hidden": false,
    "description": "Задача создана",
    "id": 8679936,
    "type": "TaskCreated"
}
,{
    "dateTime": "09-03-2022 17:14",
    "owner": {"id": 580596},
    "task": {"id": 2117402},
    "hidden": false,
    "description": "К работе над задачей подключен(а): сотрудник <a href='/user/1' >Vadim Kubarev<\/a>",
    "id": 8679938,
    "type": "WorkerEmployed"
}
,{
    "dateTime": "09-03-2022 17:32",
    "owner": {"id": 580596},
    "task": {"id": 2117402},
    "hidden": false,
    "description": "К работе над задачей подключен(а): сотрудник <a href='/user/5' >Руководитель<\/a><br>{event8}: 23-05-2022 &mdash; 23-05-2022",
    "id": 8680710,
    "type": "WorkerEmployed"
}
,{
    "dateTime": "09-03-2022 17:32",
    "owner": {"id": 580596},
    "task": {"id": 2117402},
    "hidden": false,
    "description": "Больше не является исполнителем по задаче: сотрудник <a href='/user/1' >Vadim Kubarev<\/a>",
    "id": 8680708,
    "type": "WorkerUnemployed"
}
,{
    "dateTime": "09-03-2022 17:25",
    "owner": {"id": 580596},
    "task": {"id": 2117402},
    "hidden": false,
    "description": "{log26}",
    "id": 8680324,
    "type": "TaskChanged"
}
,{
    "dateTime": "09-03-2022 17:14",
    "owner": {"id": 580596},
    "task": {"id": 2117402},
    "hidden": false,
    "description": "К участникам задачи добавлен(а): сотрудник <a href='/user/1' >Vadim Kubarev<\/a>",
    "id": 8679940,
    "type": "MemberAdded"
}
,{
    "dateTime": "09-03-2022 17:15",
    "owner": {"id": 580596},
    "task": {"id": 2117404},
    "hidden": false,
    "description": "Задача создана",
    "id": 8679956,
    "type": "TaskCreated"
}
,{
    "dateTime": "09-03-2022 17:15",
    "owner": {"id": 580596},
    "task": {"id": 2117404},
    "hidden": false,
    "description": "К работе над задачей подключен(а): сотрудник <a href='/user/1' >Vadim Kubarev<\/a>",
    "id": 8679958,
    "type": "WorkerEmployed"
}
,{
    "dateTime": "09-03-2022 17:33",
    "owner": {"id": 580596},
    "task": {"id": 2117404},
    "hidden": false,
    "description": "К работе над задачей подключен(а): сотрудник <a href='/user/5' >Руководитель<\/a><br>{event8}: 31-05-2022 &mdash; 28-06-2022",
    "id": 8680726,
    "type": "WorkerEmployed"
}
,{
    "dateTime": "09-03-2022 17:33",
    "owner": {"id": 580596},
    "task": {"id": 2117404},
    "hidden": false,
    "description": "Больше не является исполнителем по задаче: сотрудник <a href='/user/1' >Vadim Kubarev<\/a>",
    "id": 8680724,
    "type": "WorkerUnemployed"
}
,{
    "dateTime": "09-03-2022 17:26",
    "owner": {"id": 580596},
    "task": {"id": 2117404},
    "hidden": false,
    "description": "{log26}",
    "id": 8680374,
    "type": "TaskChanged"
}
,{
    "dateTime": "09-03-2022 17:15",
    "owner": {"id": 580596},
    "task": {"id": 2117404},
    "hidden": false,
    "description": "К участникам задачи добавлен(а): сотрудник <a href='/user/1' >Vadim Kubarev<\/a>",
    "id": 8679960,
    "type": "MemberAdded"
}
,{
    "dateTime": "09-03-2022 17:16",
    "owner": {"id": 580596},
    "task": {"id": 2117406},
    "hidden": false,
    "description": "Задача создана",
    "id": 8679966,
    "type": "TaskCreated"
}
,{
    "dateTime": "09-03-2022 17:33",
    "owner": {"id": 580596},
    "task": {"id": 2117406},
    "hidden": false,
    "description": "К работе над задачей подключен(а): сотрудник <a href='/user/5' >Руководитель<\/a><br>{event8}: 28-06-2022 &mdash; 28-06-2022",
    "id": 8680746,
    "type": "WorkerEmployed"
}
,{
    "dateTime": "09-03-2022 17:33",
    "owner": {"id": 580596},
    "task": {"id": 2117406},
    "hidden": false,
    "description": "Больше не является исполнителем по задаче: сотрудник <a href='/user/1' >Vadim Kubarev<\/a>",
    "id": 8680744,
    "type": "WorkerUnemployed"
}
,{
    "dateTime": "09-03-2022 17:26",
    "owner": {"id": 580596},
    "task": {"id": 2117406},
    "hidden": false,
    "description": "{log26}",
    "id": 8680378,
    "type": "TaskChanged"
}
,{
    "dateTime": "09-03-2022 17:17",
    "owner": {"id": 580596},
    "task": {"id": 2117414},
    "hidden": false,
    "description": "Задача создана",
    "id": 8679990,
    "type": "TaskCreated"
}
,{
    "dateTime": "09-03-2022 17:17",
    "owner": {"id": 580596},
    "task": {"id": 2117414},
    "hidden": false,
    "description": "К работе над задачей подключен(а): сотрудник <a href='/user/1' >Vadim Kubarev<\/a>",
    "id": 8679992,
    "type": "WorkerEmployed"
}
,{
    "dateTime": "09-03-2022 17:27",
    "owner": {"id": 580596},
    "task": {"id": 2117414},
    "hidden": false,
    "description": "{log26}",
    "id": 8680406,
    "type": "TaskChanged"
}
,{
    "dateTime": "09-03-2022 17:17",
    "owner": {"id": 580596},
    "task": {"id": 2117414},
    "hidden": false,
    "description": "К участникам задачи добавлен(а): сотрудник <a href='/user/1' >Vadim Kubarev<\/a>",
    "id": 8679994,
    "type": "MemberAdded"
}
,{
    "dateTime": "09-03-2022 17:17",
    "owner": {"id": 580596},
    "task": {"id": 2117416},
    "hidden": false,
    "description": "Задача создана",
    "id": 8679996,
    "type": "TaskCreated"
}
,{
    "dateTime": "09-03-2022 17:17",
    "owner": {"id": 580596},
    "task": {"id": 2117416},
    "hidden": false,
    "description": "К работе над задачей подключен(а): сотрудник <a href='/user/1' >Vadim Kubarev<\/a>",
    "id": 8679998,
    "type": "WorkerEmployed"
}
,{
    "dateTime": "09-03-2022 17:27",
    "owner": {"id": 580596},
    "task": {"id": 2117416},
    "hidden": false,
    "description": "{log26}",
    "id": 8680408,
    "type": "TaskChanged"
}
,{
    "dateTime": "09-03-2022 17:17",
    "owner": {"id": 580596},
    "task": {"id": 2117416},
    "hidden": false,
    "description": "К участникам задачи добавлен(а): сотрудник <a href='/user/1' >Vadim Kubarev<\/a>",
    "id": 8680000,
    "type": "MemberAdded"
}
,{
    "dateTime": "09-03-2022 17:17",
    "owner": {"id": 580596},
    "task": {"id": 2117418},
    "hidden": false,
    "description": "Задача создана",
    "id": 8680002,
    "type": "TaskCreated"
}
,{
    "dateTime": "09-03-2022 17:17",
    "owner": {"id": 580596},
    "task": {"id": 2117418},
    "hidden": false,
    "description": "К работе над задачей подключен(а): сотрудник <a href='/user/1' >Vadim Kubarev<\/a>",
    "id": 8680004,
    "type": "WorkerEmployed"
}
,{
    "dateTime": "09-03-2022 17:28",
    "owner": {"id": 580596},
    "task": {"id": 2117418},
    "hidden": false,
    "description": "{log26}",
    "id": 8680418,
    "type": "TaskChanged"
}
,{
    "dateTime": "09-03-2022 17:17",
    "owner": {"id": 580596},
    "task": {"id": 2117418},
    "hidden": false,
    "description": "К участникам задачи добавлен(а): сотрудник <a href='/user/1' >Vadim Kubarev<\/a>",
    "id": 8680006,
    "type": "MemberAdded"
}
,{
    "dateTime": "09-03-2022 18:20",
    "owner": {"id": 580596},
    "task": {"id": 2117912},
    "hidden": false,
    "description": "Контакт создан",
    "id": 8682516,
    "type": "TaskCreated"
}
,{
    "dateTime": "09-03-2022 18:22",
    "owner": {"id": 580596},
    "task": {"id": 2117922},
    "hidden": false,
    "description": "Контакт создан",
    "id": 8682568,
    "type": "TaskCreated"
}
,{
    "dateTime": "09-03-2022 18:23",
    "owner": {"id": 580596},
    "task": {"id": 2117924},
    "hidden": false,
    "description": "Контакт создан",
    "id": 8682580,
    "type": "TaskCreated"
}
,{
    "dateTime": "09-03-2022 18:24",
    "owner": {"id": 580596},
    "task": {"id": 2117926},
    "hidden": false,
    "description": "Контакт создан",
    "id": 8682582,
    "type": "TaskCreated"
}
,{
    "dateTime": "09-03-2022 18:25",
    "owner": {"id": 580596},
    "task": {"id": 2117932},
    "hidden": false,
    "description": "Контакт создан",
    "id": 8682604,
    "type": "TaskCreated"
}
,{
    "dateTime": "09-03-2022 18:27",
    "owner": {"id": 580596},
    "task": {"id": 2117936},
    "hidden": false,
    "description": "Контакт создан",
    "id": 8682616,
    "type": "TaskCreated"
}
,{
    "dateTime": "09-03-2022 18:29",
    "owner": {"id": 580596},
    "task": {"id": 2117936},
    "hidden": false,
    "description": "{log104}<br>[<i>{log187}<\/i>]:&nbsp;Мобильный: +7 (8412) 23-XX-XX<br/><div class='log-expand' title='{log27}'><\/div><span class='fakelink-dashed'>{event86}<\/span> <span class='log-extra' style='display:none;'><br>[<i>{log186}<\/i>]:&nbsp;<\/span>",
    "id": 8682632,
    "type": "TaskChanged"
}
,{
    "dateTime": "09-03-2022 18:29",
    "owner": {"id": 580596},
    "task": {"id": 2117936},
    "hidden": false,
    "description": "{log104}<br>[<i>{log187}<\/i>]:&nbsp;Мобильный: +7 (924) 23-XX-XX<br/><div class='log-expand' title='{log27}'><\/div><span class='fakelink-dashed'>{event86}<\/span> <span class='log-extra' style='display:none;'><br>[<i>{log186}<\/i>]:&nbsp;Мобильный: +7 (8412) 23-XX-XX<\/span>",
    "id": 8682634,
    "type": "TaskChanged"
}
,{
    "dateTime": "09-03-2022 18:28",
    "owner": {"id": 580596},
    "task": {"id": 2117938},
    "hidden": false,
    "description": "Контакт создан",
    "id": 8682622,
    "type": "TaskCreated"
}
,{
    "dateTime": "09-03-2022 18:29",
    "owner": {"id": 580596},
    "task": {"id": 2117938},
    "hidden": false,
    "description": "{log104}<br>[<i>{log187}<\/i>]:&nbsp;Мобильный: +7 (8412) 67-XX-XX<br/><div class='log-expand' title='{log27}'><\/div><span class='fakelink-dashed'>{event86}<\/span> <span class='log-extra' style='display:none;'><br>[<i>{log186}<\/i>]:&nbsp;<\/span>",
    "id": 8682626,
    "type": "TaskChanged"
}
,{
    "dateTime": "09-03-2022 18:28",
    "owner": {"id": 580596},
    "task": {"id": 2117940},
    "hidden": false,
    "description": "Контакт создан",
    "id": 8682624,
    "type": "TaskCreated"
}
,{
    "dateTime": "09-03-2022 18:29",
    "owner": {"id": 580596},
    "task": {"id": 2117940},
    "hidden": false,
    "description": "{log104}<br>[<i>{log187}<\/i>]:&nbsp;Мобильный: +7 (987) 515-XX-XX<br/><div class='log-expand' title='{log27}'><\/div><span class='fakelink-dashed'>{event86}<\/span> <span class='log-extra' style='display:none;'><br>[<i>{log186}<\/i>]:&nbsp;<\/span>",
    "id": 8682630,
    "type": "TaskChanged"
}
,{
    "dateTime": "09-03-2022 18:30",
    "owner": {"id": 580596},
    "task": {"id": 2117946},
    "hidden": false,
    "description": "Контакт создан",
    "id": 8682654,
    "type": "TaskCreated"
}
,{
    "dateTime": "09-03-2022 18:30",
    "owner": {"id": 580596},
    "task": {"id": 2117946},
    "hidden": false,
    "description": "{log104}<br>[<i>{log187}<\/i>]:&nbsp;Мобильный: +7 (937) 809-XX-XX<br/><div class='log-expand' title='{log27}'><\/div><span class='fakelink-dashed'>{event86}<\/span> <span class='log-extra' style='display:none;'><br>[<i>{log186}<\/i>]:&nbsp;<\/span>",
    "id": 8682656,
    "type": "TaskChanged"
}
,{
    "dateTime": "09-03-2022 18:31",
    "owner": {"id": 580596},
    "task": {"id": 2117950},
    "hidden": false,
    "description": "Контакт создан",
    "id": 8682672,
    "type": "TaskCreated"
}
,{
    "dateTime": "09-03-2022 18:31",
    "owner": {"id": 580596},
    "task": {"id": 2117950},
    "hidden": false,
    "description": "{log104}<br>[<i>{log187}<\/i>]:&nbsp;Мобильный: +7 (902) 203-XX-XX<br/><div class='log-expand' title='{log27}'><\/div><span class='fakelink-dashed'>{event86}<\/span> <span class='log-extra' style='display:none;'><br>[<i>{log186}<\/i>]:&nbsp;<\/span>",
    "id": 8682676,
    "type": "TaskChanged"
}
]
