[
{
    "groupName": "Управление временем",
    "name": "Планируемое время работы",
    "id": 4,
    "fields": {
        "6": {
            "name": "Дата",
            "id": 6,
            "type": "Date"
        },
        "17": {
            "name": "Сотрудник",
            "id": 17,
            "type": "LoginList"
        },
        "7": {
            "name": "Планируемое время работы",
            "id": 7,
            "type": "TimePeriod"
        }
    }
}
]
