[
{
    "number": 11,
    "skype": "",
    "address": "",
    "post": "",
    "icq": "",
    "name": "Хлебница",
    "description": "",
    "phones": "+7 (987) 515-XX-XX",
    "id": 615396,
    "isCompany": true,
    "email": "Hlebnitsa@bk.ru"
}
,{
    "lastName": "",
    "address": "",
    "midName": "",
    "description": "",
    "phones": "",
    "isCompany": false,
    "number": 1,
    "skype": "",
    "companies": [],
    "post": "",
    "icq": "",
    "name": "",
    "id": 580598,
    "email": ""
}
,{
    "number": 13,
    "skype": "",
    "address": "",
    "post": "",
    "icq": "",
    "name": "Город пирогов",
    "description": "",
    "phones": "+7 (902) 203-XX-XX",
    "id": 615402,
    "isCompany": true,
    "email": "gorodpirogov@yandex.ru"
}
,{
    "lastName": "",
    "address": "",
    "midName": "",
    "description": "",
    "phones": "",
    "isCompany": false,
    "number": 8,
    "skype": "",
    "companies": [],
    "post": "",
    "icq": "",
    "name": "Тесла М.Н",
    "id": 615390,
    "email": "Teslaelectr@gmail.com"
}
,{
    "lastName": "",
    "address": "",
    "midName": "",
    "description": "Если Вы столкнулись с ошибкой или непонятным поведением ПланФикса - создайте задачу с описанием ситуации и выберите исполнителем этот контакт.<br/><br/> Мы получим задачу в своем аккаунте и будем работать над ней совместно с Вами: мы сможем при необходимости уточнить недостающие детали, а Вы будете всегда в курсе хода работ по задаче.",
    "phones": "",
    "isCompany": false,
    "number": 3,
    "skype": "",
    "companies": [],
    "post": "",
    "icq": "",
    "name": "Служба поддержки ПланФикс",
    "id": 580604,
    "email": "support@planfix.ru"
}
,{
    "number": 10,
    "skype": "",
    "address": "",
    "post": "",
    "icq": "",
    "name": "Bonape",
    "description": "",
    "phones": "+7 (8412) 67-XX-XX",
    "id": 615394,
    "isCompany": true,
    "email": "Bonape@mail.ru"
}
,{
    "number": 12,
    "skype": "",
    "address": "",
    "post": "",
    "icq": "",
    "name": "Хороший хлеб",
    "description": "",
    "phones": "+7 (937) 809-XX-XX",
    "id": 615400,
    "isCompany": true,
    "email": "Goodbread@mail.ru"
}
,{
    "number": 2,
    "skype": "",
    "address": "",
    "post": "",
    "icq": "",
    "name": "",
    "description": "",
    "phones": "",
    "id": 580600,
    "isCompany": true,
    "email": ""
}
,{
    "lastName": "",
    "address": "",
    "midName": "",
    "description": "",
    "phones": "",
    "isCompany": false,
    "number": 4,
    "skype": "",
    "companies": [],
    "post": "",
    "icq": "",
    "name": "Иванов И.И.",
    "id": 615376,
    "email": "Ivanov_I_I@gg,ru"
}
,{
    "number": 9,
    "skype": "",
    "address": "",
    "post": "",
    "icq": "",
    "name": "Булочная",
    "description": "",
    "phones": "+7 (924) 23-XX-XX",
    "id": 615392,
    "isCompany": true,
    "email": "Bulochnaya@yandex.ru"
}
,{
    "lastName": "",
    "address": "",
    "midName": "",
    "description": "",
    "phones": "",
    "isCompany": false,
    "number": 7,
    "skype": "",
    "companies": [],
    "post": "",
    "icq": "",
    "name": "Пушкин А.С.",
    "id": 615386,
    "email": "Produelist@yandex.ru"
}
,{
    "lastName": "",
    "address": "",
    "midName": "",
    "description": "",
    "phones": "",
    "isCompany": false,
    "number": 6,
    "skype": "",
    "companies": [],
    "post": "",
    "icq": "",
    "name": "Кубарев В.С",
    "id": 615384,
    "email": "Kubarev.vadim.r@gmail.com"
}
]
