[
{
    "owner": {"id": 580596},
    "hasEndDate": false,
    "description": "",
    "client": {"id": 0},
    "id": 75852,
    "projectGroup": {
        "name": "",
        "id": 0
    },
    "title": "Стандартный шаблон",
    "status": "Активный"
}
,{
    "owner": {"id": 580596},
    "hasEndDate": false,
    "description": "",
    "client": {"id": 0},
    "id": 75854,
    "projectGroup": {
        "name": "",
        "id": 0
    },
    "title": "Тестовый проект (демо)",
    "status": "Активный"
}
,{
    "owner": {"id": 580596},
    "hasEndDate": false,
    "description": "",
    "client": {"id": 0},
    "id": 75856,
    "projectGroup": {
        "name": "",
        "id": 0
    },
    "title": "ПланФикс: обучение и поддержка",
    "status": "Активный"
}
,{
    "owner": {"id": 580596},
    "hasEndDate": false,
    "description": "",
    "client": {"id": 0},
    "id": 75858,
    "projectGroup": {
        "name": "",
        "id": 0
    },
    "title": "Проект",
    "status": "Активный"
}
,{
    "owner": {"id": 580596},
    "hasEndDate": false,
    "description": "",
    "client": {"id": 538284},
    "id": 78446,
    "projectGroup": {
        "name": "Проекты",
        "id": 2696
    },
    "title": "АИС для предприятия по производству и продаже хлебобулочных изделий",
    "status": "Активный"
}
]
