[
{
    "owner": {"id": 580596},
    "hasEndDate": false,
    "number": 1,
    "importance": 5,
    "hasStartDate": false,
    "description": "",
    "id": 1965088,
    "title": "Шаблон контакта",
    "checkResult": true,
    "workers": {},
    "status": "В работе",
    "createDate": "23-02-2022 13:33"
}
,{
    "owner": {"id": 580596},
    "hasEndDate": false,
    "number": 2,
    "importance": 5,
    "hasStartDate": false,
    "description": "",
    "id": 1965090,
    "title": "Шаблон компании",
    "checkResult": true,
    "workers": {},
    "status": "В работе",
    "createDate": "23-02-2022 13:33"
}
,{
    "owner": {"id": 580602},
    "hasEndDate": false,
    "number": 1,
    "importance": 5,
    "hasStartDate": false,
    "description": "",
    "id": 1965092,
    "title": "Общий чат",
    "checkResult": true,
    "workers": {},
    "status": "В работе",
    "createDate": "23-02-2022 13:33"
}
,{
    "owner": {"id": 580596},
    "hasEndDate": false,
    "number": 3,
    "importance": 5,
    "hasStartDate": false,
    "description": "",
    "id": 1965094,
    "title": "Служба поддержки ПланФикс",
    "checkResult": true,
    "workers": {},
    "status": "В работе",
    "createDate": "23-02-2022 13:33"
}
,{
    "owner": {"id": 580596},
    "hasEndDate": false,
    "number": 2,
    "importance": 5,
    "hasStartDate": false,
    "description": "",
    "id": 1965096,
    "title": "Стандартный шаблон",
    "checkResult": true,
    "workers": {},
    "status": "Новая",
    "createDate": "23-02-2022 13:33"
}
,{
    "owner": {"id": 580596},
    "hasEndDate": false,
    "importance": 5,
    "hasStartDate": false,
    "description": "<p>Это демонстрационная задача. Мы добавили ее, чтобы вам было проще освоиться в интерфейсе ПланФикса.<\/p><p>&nbsp;<\/p><p>После знакомства с системой демо-задачи можно удалить.<\/p><p>&nbsp;<\/p>",
    "project": {"id": 75854},
    "title": "Встреча с Кузьмичевым",
    "checkResult": true,
    "number": 5,
    "id": 1965098,
    "workers": {"users": [{
        "lastName": "",
        "name": "Мария Демидова (демо)",
        "midName": "",
        "id": 580606
    }]},
    "status": "Новая",
    "createDate": "23-02-2022 13:33"
}
,{
    "owner": {"id": 580596},
    "hasEndDate": false,
    "importance": 5,
    "hasStartDate": false,
    "description": "",
    "project": {"id": 75854},
    "title": "Собеседование с Машей",
    "checkResult": true,
    "number": 6,
    "id": 1965100,
    "workers": {"users": [{
        "lastName": "",
        "name": "Мария Демидова (демо)",
        "midName": "",
        "id": 580606
    }]},
    "status": "Новая",
    "createDate": "23-02-2022 13:33"
}
,{
    "owner": {"id": 580596},
    "hasEndDate": false,
    "importance": 5,
    "hasStartDate": false,
    "description": "<p>Это демонстрационная задача. Мы добавили ее, чтобы вам было проще освоиться в интерфейсе ПланФикса.<\/p><p>&nbsp;<\/p><p>После знакомства с системой демо-задачи можно удалить.<\/p><p>&nbsp;<\/p>",
    "project": {"id": 75854},
    "title": "Подготовить контент-план",
    "checkResult": true,
    "number": 7,
    "id": 1965102,
    "workers": {"users": [{
        "lastName": "Kubarev",
        "name": "Vadim",
        "midName": "",
        "id": 580596
    }]},
    "status": "Завершенная",
    "createDate": "23-02-2022 13:33"
}
,{
    "owner": {"id": 580596},
    "hasEndDate": false,
    "importance": 5,
    "hasStartDate": false,
    "description": "<p>Это демонстрационная задача. Мы добавили ее, чтобы вам было проще освоиться в интерфейсе ПланФикса.<\/p><p>&nbsp;<\/p><p>После знакомства с системой демо-задачи можно удалить.<\/p><p>&nbsp;<\/p>",
    "project": {"id": 75854},
    "title": "Отчет за прошлый квартал",
    "checkResult": true,
    "number": 8,
    "id": 1965104,
    "workers": {"users": [{
        "lastName": "",
        "name": "Николай Кузнецов (демо)",
        "midName": "",
        "id": 580608
    }]},
    "status": "Новая",
    "createDate": "23-02-2022 13:33"
}
,{
    "owner": {"id": 580596},
    "hasEndDate": false,
    "number": 10,
    "importance": 5,
    "hasStartDate": false,
    "description": "<p>Это первая задача, которую вам необходимо выполнить в ПланФиксе. Для начала&nbsp;нажмите на&nbsp;Принять&nbsp;ниже этого описания. После этого:<\/p><ul><li>Изучите информацию в каждом из пунктов чек-листа.<\/li><li>Выполнив указанные в пункте действия, отметьте его галочкой.<\/li><li>После выполнения всех пунктов&nbsp;переведите статус этой задачи в &quot;Выполненная&quot;.<\/li><\/ul><p>P.S. Аналогичное задание получат все ваши коллеги, это поможет быстро пройти обучение и начать работу в системе.<\/p>",
    "id": 1965110,
    "title": "Знакомство с ПланФиксом",
    "checkResult": true,
    "workers": {},
    "status": "Новая",
    "createDate": "23-02-2022 13:34"
}
,{
    "owner": {"id": 580596},
    "hasEndDate": false,
    "parent": {"id": 1965110},
    "importance": 5,
    "hasStartDate": false,
    "description": "Просмотрите видео с описанием работы в стартовом разделе: https://www.youtube.com/watch?v=bgZ-LbFm720",
    "title": "Просмотрите видео с описанием работы в стартовом разделе: https://www.youtube.com/watch?v=bgZ-LbFm720",
    "checkResult": true,
    "number": 11,
    "id": 1965112,
    "workers": {},
    "status": "В работе",
    "createDate": "23-02-2022 13:34"
}
,{
    "owner": {"id": 580596},
    "hasEndDate": false,
    "parent": {"id": 1965110},
    "importance": 5,
    "hasStartDate": false,
    "description": "Пройдите ознакомительный курс \"Первый день в ПланФиксе\": http://academy.planfix.ru/course/pervyj-den-v-planfikse/start",
    "title": "Пройдите ознакомительный курс \"Первый день в ПланФиксе\": http://academy.planfix.ru/course/pervyj-den-v-planfikse/start",
    "checkResult": true,
    "number": 12,
    "id": 1965114,
    "workers": {},
    "status": "В работе",
    "createDate": "23-02-2022 13:34"
}
,{
    "owner": {"id": 580596},
    "hasEndDate": false,
    "parent": {"id": 1965110},
    "importance": 5,
    "hasStartDate": false,
    "description": "Загрузите в свой профиль фотографию или аватар: https://planfix.ru/docs/Как_сменить_аватар%3F",
    "title": "Загрузите в свой профиль фотографию или аватар: https://planfix.ru/docs/Как_сменить_аватар%3F",
    "checkResult": true,
    "number": 13,
    "id": 1965116,
    "workers": {},
    "status": "В работе",
    "createDate": "23-02-2022 13:34"
}
,{
    "owner": {"id": 580596},
    "hasEndDate": false,
    "number": 14,
    "importance": 5,
    "hasStartDate": false,
    "description": "<p>Это первая задача, которую вам необходимо выполнить в ПланФиксе. Для начала нажмите на Принять ниже этого описания. После этого:<\/p><ul><li>Изучите информацию в каждом из пунктов чек-листа.<\/li><li>Выполнив указанные в пункте действия, отметьте его галочкой.<\/li><li>После выполнения всех пунктов переведите статус этой задачи в &quot;Выполненная&quot;.<\/li><\/ul><p>P.S. Аналогичное задание получат все ваши коллеги, это поможет быстро пройти обучение и начать работу в системе.<\/p>",
    "id": 1965118,
    "title": "Знакомство с ПланФиксом",
    "checkResult": true,
    "workers": {"users": [{
        "lastName": "Kubarev",
        "name": "Vadim",
        "midName": "",
        "id": 580596
    }]},
    "status": "Новая",
    "createDate": "23-02-2022 13:34"
}
,{
    "owner": {"id": 580596},
    "hasEndDate": false,
    "parent": {"id": 1965118},
    "importance": 5,
    "hasStartDate": false,
    "description": "Просмотрите видео с описанием работы в стартовом разделе: https://www.youtube.com/watch?v=bgZ-LbFm720",
    "title": "Просмотрите видео с описанием работы в стартовом разделе: https://www.youtube.com/watch?v=bgZ-LbFm720",
    "checkResult": true,
    "number": 15,
    "id": 1965120,
    "workers": {},
    "status": "В работе",
    "createDate": "23-02-2022 13:34"
}
,{
    "owner": {"id": 580596},
    "hasEndDate": false,
    "parent": {"id": 1965118},
    "importance": 5,
    "hasStartDate": false,
    "description": "Пройдите ознакомительный курс \"Первый день в ПланФиксе\": http://academy.planfix.ru/course/pervyj-den-v-planfikse/start",
    "title": "Пройдите ознакомительный курс \"Первый день в ПланФиксе\": http://academy.planfix.ru/course/pervyj-den-v-planfikse/start",
    "checkResult": true,
    "number": 16,
    "id": 1965122,
    "workers": {},
    "status": "В работе",
    "createDate": "23-02-2022 13:34"
}
,{
    "owner": {"id": 580596},
    "hasEndDate": false,
    "parent": {"id": 1965118},
    "importance": 5,
    "hasStartDate": false,
    "description": "Загрузите в свой профиль фотографию или аватар: https://planfix.ru/docs/Как_сменить_аватар%3F",
    "title": "Загрузите в свой профиль фотографию или аватар: https://planfix.ru/docs/Как_сменить_аватар%3F",
    "checkResult": true,
    "number": 17,
    "id": 1965124,
    "workers": {},
    "status": "В работе",
    "createDate": "23-02-2022 13:34"
}
,{
    "owner": {"id": 580596},
    "hasEndDate": true,
    "importance": 5,
    "hasStartDate": true,
    "description": "",
    "project": {"id": 78446},
    "title": "Старт проекта",
    "checkResult": true,
    "number": 20,
    "startTime": "24-02-2022",
    "id": 2117272,
    "workers": {"users": [{
        "lastName": "Kubarev",
        "name": "Vadim",
        "midName": "",
        "id": 580596
    }]},
    "status": "Завершенная",
    "createDate": "09-03-2022 17:00"
}
,{
    "owner": {"id": 580596},
    "hasEndDate": true,
    "importance": 5,
    "hasStartDate": true,
    "description": "",
    "project": {"id": 78446},
    "title": "Этап 1 Подготовительный этап",
    "checkResult": true,
    "number": 21,
    "startTime": "24-02-2022",
    "id": 2117278,
    "workers": {"users": [{
        "lastName": "",
        "name": "Руководитель",
        "midName": "",
        "id": 615294
    }]},
    "status": "Завершенная",
    "createDate": "09-03-2022 17:02"
}
,{
    "owner": {"id": 580596},
    "hasEndDate": true,
    "parent": {"id": 2117278},
    "importance": 5,
    "hasStartDate": true,
    "description": "",
    "project": {"id": 78446},
    "title": "Интервьюирование сотрудников и владельцев",
    "checkResult": true,
    "number": 22,
    "startTime": "24-02-2022",
    "id": 2117286,
    "workers": {"users": [{
        "lastName": "",
        "name": "Руководитель",
        "midName": "",
        "id": 615294
    }]},
    "status": "Завершенная",
    "createDate": "09-03-2022 17:02"
}
,{
    "owner": {"id": 580596},
    "hasEndDate": false,
    "importance": 5,
    "hasStartDate": false,
    "description": "",
    "project": {"id": 78446},
    "title": "Анализ предметной области",
    "checkResult": true,
    "number": 23,
    "id": 2117296,
    "workers": {"users": [{
        "lastName": "Kubarev",
        "name": "Vadim",
        "midName": "",
        "id": 580596
    }]},
    "status": "Новая",
    "createDate": "09-03-2022 17:04"
}
,{
    "owner": {"id": 580596},
    "hasEndDate": true,
    "parent": {"id": 2117278},
    "importance": 5,
    "hasStartDate": true,
    "description": "",
    "project": {"id": 78446},
    "title": "Анализ предметной области",
    "checkResult": true,
    "number": 24,
    "startTime": "28-02-2022",
    "id": 2117298,
    "workers": {"users": [{
        "lastName": "",
        "name": "Руководитель",
        "midName": "",
        "id": 615294
    }]},
    "status": "Завершенная",
    "createDate": "09-03-2022 17:05"
}
,{
    "owner": {"id": 580596},
    "hasEndDate": true,
    "importance": 5,
    "hasStartDate": true,
    "description": "",
    "project": {"id": 78446},
    "title": "Этап 2 Составление технического задания",
    "checkResult": true,
    "number": 25,
    "startTime": "07-03-2022",
    "id": 2117300,
    "workers": {"users": [{
        "lastName": "",
        "name": "Руководитель",
        "midName": "",
        "id": 615294
    }]},
    "status": "Новая",
    "createDate": "09-03-2022 17:06"
}
,{
    "owner": {"id": 580596},
    "hasEndDate": true,
    "parent": {"id": 2117300},
    "importance": 5,
    "hasStartDate": true,
    "description": "",
    "project": {"id": 78446},
    "title": "Формирование требований к АИС",
    "checkResult": true,
    "number": 26,
    "startTime": "07-03-2022",
    "id": 2117304,
    "workers": {"users": [{
        "lastName": "",
        "name": "Руководитель",
        "midName": "",
        "id": 615294
    }]},
    "status": "Новая",
    "createDate": "09-03-2022 17:06"
}
,{
    "owner": {"id": 580596},
    "hasEndDate": true,
    "parent": {"id": 2117300},
    "importance": 5,
    "hasStartDate": true,
    "description": "",
    "project": {"id": 78446},
    "title": "Разработка бизнес-процессов",
    "checkResult": true,
    "number": 27,
    "startTime": "11-03-2022",
    "id": 2117314,
    "workers": {"users": [{
        "lastName": "Kubarev",
        "name": "Vadim",
        "midName": "",
        "id": 580596
    }]},
    "status": "Новая",
    "createDate": "09-03-2022 17:06"
}
,{
    "owner": {"id": 580596},
    "hasEndDate": true,
    "parent": {"id": 2117300},
    "importance": 5,
    "hasStartDate": true,
    "description": "",
    "project": {"id": 78446},
    "title": "Формирование вариантов использования",
    "checkResult": true,
    "number": 28,
    "startTime": "16-03-2022",
    "id": 2117316,
    "workers": {"users": [{
        "lastName": "Kubarev",
        "name": "Vadim",
        "midName": "",
        "id": 580596
    }]},
    "status": "Новая",
    "createDate": "09-03-2022 17:06"
}
,{
    "owner": {"id": 580596},
    "hasEndDate": true,
    "parent": {"id": 2117300},
    "importance": 5,
    "hasStartDate": true,
    "description": "",
    "project": {"id": 78446},
    "title": "Документирование ТЗ",
    "checkResult": true,
    "number": 29,
    "startTime": "21-03-2022",
    "id": 2117318,
    "workers": {"users": [{
        "lastName": "Kubarev",
        "name": "Vadim",
        "midName": "",
        "id": 580596
    }]},
    "status": "Новая",
    "createDate": "09-03-2022 17:07"
}
,{
    "owner": {"id": 580596},
    "hasEndDate": true,
    "parent": {"id": 2117300},
    "importance": 5,
    "hasStartDate": true,
    "description": "",
    "project": {"id": 78446},
    "title": "Утверждение ТЗ",
    "checkResult": true,
    "number": 30,
    "startTime": "22-03-2022",
    "id": 2117320,
    "workers": {"users": [{
        "lastName": "",
        "name": "Руководитель",
        "midName": "",
        "id": 615294
    }]},
    "status": "Новая",
    "createDate": "09-03-2022 17:07"
}
,{
    "owner": {"id": 580596},
    "hasEndDate": true,
    "importance": 5,
    "hasStartDate": true,
    "description": "",
    "project": {"id": 78446},
    "title": "Этап 3 Планирование и проектирование системы",
    "checkResult": true,
    "number": 31,
    "startTime": "23-03-2022",
    "id": 2117332,
    "workers": {"users": [{
        "lastName": "Kubarev",
        "name": "Vadim",
        "midName": "",
        "id": 580596
    }]},
    "status": "Новая",
    "createDate": "09-03-2022 17:09"
}
,{
    "owner": {"id": 580596},
    "hasEndDate": true,
    "parent": {"id": 2117332},
    "importance": 5,
    "hasStartDate": true,
    "description": "",
    "project": {"id": 78446},
    "title": "Составление плана разработки",
    "checkResult": true,
    "number": 32,
    "startTime": "23-03-2022",
    "id": 2117334,
    "workers": {"users": [{
        "lastName": "Kubarev",
        "name": "Vadim",
        "midName": "",
        "id": 580596
    }]},
    "status": "Новая",
    "createDate": "09-03-2022 17:09"
}
,{
    "owner": {"id": 580596},
    "hasEndDate": true,
    "parent": {"id": 2117332},
    "importance": 5,
    "hasStartDate": true,
    "description": "",
    "project": {"id": 78446},
    "title": "Проектирование",
    "checkResult": true,
    "number": 33,
    "startTime": "06-04-2022",
    "id": 2117336,
    "workers": {"users": [{
        "lastName": "Kubarev",
        "name": "Vadim",
        "midName": "",
        "id": 580596
    }]},
    "status": "Новая",
    "createDate": "09-03-2022 17:09"
}
,{
    "owner": {"id": 580596},
    "hasEndDate": true,
    "parent": {"id": 2117336},
    "importance": 5,
    "hasStartDate": true,
    "description": "",
    "project": {"id": 78446},
    "title": "Разработка схем БД",
    "checkResult": true,
    "number": 34,
    "startTime": "06-04-2022",
    "id": 2117338,
    "workers": {"users": [{
        "lastName": "Kubarev",
        "name": "Vadim",
        "midName": "",
        "id": 580596
    }]},
    "status": "Новая",
    "createDate": "09-03-2022 17:10"
}
,{
    "owner": {"id": 580596},
    "hasEndDate": true,
    "parent": {"id": 2117336},
    "importance": 5,
    "hasStartDate": true,
    "description": "",
    "project": {"id": 78446},
    "title": "Проектирование ПК",
    "checkResult": true,
    "number": 35,
    "startTime": "11-04-2022",
    "id": 2117340,
    "workers": {"users": [{
        "lastName": "Kubarev",
        "name": "Vadim",
        "midName": "",
        "id": 580596
    }]},
    "status": "Новая",
    "createDate": "09-03-2022 17:10"
}
,{
    "owner": {"id": 580596},
    "hasEndDate": false,
    "importance": 5,
    "hasStartDate": false,
    "description": "",
    "project": {"id": 78446},
    "title": "Этап 4 Закупка необходимых ресурсов",
    "checkResult": true,
    "number": 36,
    "id": 2117348,
    "workers": {"users": [{
        "lastName": "Kubarev",
        "name": "Vadim",
        "midName": "",
        "id": 580596
    }]},
    "status": "Новая",
    "createDate": "09-03-2022 17:10"
}
,{
    "owner": {"id": 580596},
    "hasEndDate": true,
    "parent": {"id": 2117332},
    "importance": 5,
    "hasStartDate": true,
    "description": "",
    "project": {"id": 78446},
    "title": "Эскизное проектирование",
    "checkResult": true,
    "number": 37,
    "startTime": "19-04-2022",
    "id": 2117362,
    "workers": {"users": [{
        "lastName": "Kubarev",
        "name": "Vadim",
        "midName": "",
        "id": 580596
    }]},
    "status": "Новая",
    "createDate": "09-03-2022 17:11"
}
,{
    "owner": {"id": 580596},
    "hasEndDate": true,
    "parent": {"id": 2117362},
    "importance": 5,
    "hasStartDate": true,
    "description": "",
    "project": {"id": 78446},
    "title": "Составление технического проекта",
    "checkResult": true,
    "number": 38,
    "startTime": "19-04-2022",
    "id": 2117366,
    "workers": {"users": [{
        "lastName": "Kubarev",
        "name": "Vadim",
        "midName": "",
        "id": 580596
    }]},
    "status": "Новая",
    "createDate": "09-03-2022 17:12"
}
,{
    "owner": {"id": 580596},
    "hasEndDate": true,
    "parent": {"id": 2117362},
    "importance": 5,
    "hasStartDate": true,
    "description": "",
    "project": {"id": 78446},
    "title": "Выбор средств реализации проекта",
    "checkResult": true,
    "number": 39,
    "startTime": "10-04-2022",
    "id": 2117372,
    "workers": {"users": [{
        "lastName": "Kubarev",
        "name": "Vadim",
        "midName": "",
        "id": 580596
    }]},
    "status": "Новая",
    "createDate": "09-03-2022 17:12"
}
,{
    "owner": {"id": 580596},
    "hasEndDate": true,
    "parent": {"id": 2117332},
    "importance": 5,
    "hasStartDate": true,
    "description": "",
    "project": {"id": 78446},
    "title": "Составлен план и проект АИС",
    "checkResult": true,
    "number": 40,
    "startTime": "12-05-2022",
    "id": 2117378,
    "workers": {"users": [{
        "lastName": "Kubarev",
        "name": "Vadim",
        "midName": "",
        "id": 580596
    }]},
    "status": "Новая",
    "createDate": "09-03-2022 17:12"
}
,{
    "owner": {"id": 580596},
    "hasEndDate": true,
    "importance": 5,
    "hasStartDate": true,
    "description": "",
    "project": {"id": 78446},
    "title": "Этап 4 Закупка необходимых ресурсов",
    "checkResult": true,
    "number": 41,
    "startTime": "13-05-2022",
    "id": 2117384,
    "workers": {"users": [{
        "lastName": "",
        "name": "Руководитель",
        "midName": "",
        "id": 615294
    }]},
    "status": "Новая",
    "createDate": "09-03-2022 17:13"
}
,{
    "owner": {"id": 580596},
    "hasEndDate": true,
    "parent": {"id": 2117384},
    "importance": 5,
    "hasStartDate": true,
    "description": "",
    "project": {"id": 78446},
    "title": "Составление списка необходимых ресурсов",
    "checkResult": true,
    "number": 42,
    "startTime": "13-05-2022",
    "id": 2117386,
    "workers": {"users": [{
        "lastName": "",
        "name": "Руководитель",
        "midName": "",
        "id": 615294
    }]},
    "status": "Новая",
    "createDate": "09-03-2022 17:13"
}
,{
    "owner": {"id": 580596},
    "hasEndDate": true,
    "parent": {"id": 2117384},
    "importance": 5,
    "hasStartDate": true,
    "description": "",
    "project": {"id": 78446},
    "title": "Поиск и договор с компанией-поставщиком",
    "checkResult": true,
    "number": 43,
    "startTime": "17-05-2022",
    "id": 2117394,
    "workers": {"users": [{
        "lastName": "",
        "name": "Руководитель",
        "midName": "",
        "id": 615294
    }]},
    "status": "Новая",
    "createDate": "09-03-2022 17:14"
}
,{
    "owner": {"id": 580596},
    "hasEndDate": true,
    "parent": {"id": 2117384},
    "importance": 5,
    "hasStartDate": true,
    "description": "",
    "project": {"id": 78446},
    "title": "Заказ спец.оборудования",
    "checkResult": true,
    "number": 44,
    "startTime": "23-05-2022",
    "id": 2117402,
    "workers": {"users": [{
        "lastName": "",
        "name": "Руководитель",
        "midName": "",
        "id": 615294
    }]},
    "status": "Новая",
    "createDate": "09-03-2022 17:14"
}
,{
    "owner": {"id": 580596},
    "hasEndDate": true,
    "parent": {"id": 2117384},
    "importance": 5,
    "hasStartDate": true,
    "description": "",
    "project": {"id": 78446},
    "title": "Установка, подключение и настройка",
    "checkResult": true,
    "number": 45,
    "startTime": "31-05-2022",
    "id": 2117404,
    "workers": {"users": [{
        "lastName": "",
        "name": "Руководитель",
        "midName": "",
        "id": 615294
    }]},
    "status": "Новая",
    "createDate": "09-03-2022 17:15"
}
,{
    "owner": {"id": 580596},
    "hasEndDate": true,
    "parent": {"id": 2117384},
    "importance": 5,
    "hasStartDate": true,
    "description": "",
    "project": {"id": 78446},
    "title": "Оборудование протестировано и настроено",
    "checkResult": true,
    "number": 46,
    "startTime": "28-06-2022",
    "id": 2117406,
    "workers": {"users": [{
        "lastName": "",
        "name": "Руководитель",
        "midName": "",
        "id": 615294
    }]},
    "status": "Новая",
    "createDate": "09-03-2022 17:16"
}
,{
    "owner": {"id": 580596},
    "hasEndDate": true,
    "importance": 5,
    "hasStartDate": true,
    "description": "",
    "project": {"id": 78446},
    "title": "Этап 5 Разработка системы",
    "checkResult": true,
    "number": 47,
    "startTime": "29-06-2022",
    "id": 2117414,
    "workers": {"users": [{
        "lastName": "Kubarev",
        "name": "Vadim",
        "midName": "",
        "id": 580596
    }]},
    "status": "Новая",
    "createDate": "09-03-2022 17:17"
}
,{
    "owner": {"id": 580596},
    "hasEndDate": true,
    "parent": {"id": 2117414},
    "importance": 5,
    "hasStartDate": true,
    "description": "",
    "project": {"id": 78446},
    "title": "Разработка ПО",
    "checkResult": true,
    "number": 48,
    "startTime": "29-06-2022",
    "id": 2117416,
    "workers": {"users": [{
        "lastName": "Kubarev",
        "name": "Vadim",
        "midName": "",
        "id": 580596
    }]},
    "status": "Новая",
    "createDate": "09-03-2022 17:17"
}
,{
    "owner": {"id": 580596},
    "hasEndDate": true,
    "parent": {"id": 2117414},
    "importance": 5,
    "hasStartDate": true,
    "description": "",
    "project": {"id": 78446},
    "title": "Закончена разработка",
    "checkResult": true,
    "number": 49,
    "startTime": "18-07-2022",
    "id": 2117418,
    "workers": {"users": [{
        "lastName": "Kubarev",
        "name": "Vadim",
        "midName": "",
        "id": 580596
    }]},
    "status": "Новая",
    "createDate": "09-03-2022 17:17"
}
,{
    "owner": {"id": 580596},
    "hasEndDate": false,
    "number": 4,
    "importance": 5,
    "hasStartDate": false,
    "description": "",
    "id": 2117912,
    "title": "Иванов И.И.",
    "checkResult": true,
    "workers": {},
    "status": "В работе",
    "createDate": "09-03-2022 18:20"
}
,{
    "owner": {"id": 580596},
    "hasEndDate": false,
    "number": 5,
    "importance": 5,
    "hasStartDate": false,
    "description": "",
    "id": 2117922,
    "title": "Кубарев В.С.",
    "checkResult": true,
    "workers": {},
    "status": "В работе",
    "createDate": "09-03-2022 18:22"
}
,{
    "owner": {"id": 580596},
    "hasEndDate": false,
    "number": 6,
    "importance": 5,
    "hasStartDate": false,
    "description": "",
    "id": 2117924,
    "title": "Кубарев В.С",
    "checkResult": true,
    "workers": {},
    "status": "В работе",
    "createDate": "09-03-2022 18:23"
}
,{
    "owner": {"id": 580596},
    "hasEndDate": false,
    "number": 7,
    "importance": 5,
    "hasStartDate": false,
    "description": "",
    "id": 2117926,
    "title": "Пушкин А.С.",
    "checkResult": true,
    "workers": {},
    "status": "В работе",
    "createDate": "09-03-2022 18:24"
}
,{
    "owner": {"id": 580596},
    "hasEndDate": false,
    "number": 8,
    "importance": 5,
    "hasStartDate": false,
    "description": "",
    "id": 2117932,
    "title": "Тесла М.Н",
    "checkResult": true,
    "workers": {},
    "status": "В работе",
    "createDate": "09-03-2022 18:25"
}
,{
    "owner": {"id": 580596},
    "hasEndDate": false,
    "number": 9,
    "importance": 5,
    "hasStartDate": false,
    "description": "",
    "id": 2117936,
    "title": "Булочная",
    "checkResult": true,
    "workers": {},
    "status": "В работе",
    "createDate": "09-03-2022 18:27"
}
,{
    "owner": {"id": 580596},
    "hasEndDate": false,
    "number": 10,
    "importance": 5,
    "hasStartDate": false,
    "description": "",
    "id": 2117938,
    "title": "Bonape",
    "checkResult": true,
    "workers": {},
    "status": "В работе",
    "createDate": "09-03-2022 18:28"
}
,{
    "owner": {"id": 580596},
    "hasEndDate": false,
    "number": 11,
    "importance": 5,
    "hasStartDate": false,
    "description": "",
    "id": 2117940,
    "title": "Хлебница",
    "checkResult": true,
    "workers": {},
    "status": "В работе",
    "createDate": "09-03-2022 18:28"
}
,{
    "owner": {"id": 580596},
    "hasEndDate": false,
    "number": 12,
    "importance": 5,
    "hasStartDate": false,
    "description": "",
    "id": 2117946,
    "title": "Хороший хлеб",
    "checkResult": true,
    "workers": {},
    "status": "В работе",
    "createDate": "09-03-2022 18:30"
}
,{
    "owner": {"id": 580596},
    "hasEndDate": false,
    "number": 13,
    "importance": 5,
    "hasStartDate": false,
    "description": "",
    "id": 2117950,
    "title": "Город пирогов",
    "checkResult": true,
    "workers": {},
    "status": "В работе",
    "createDate": "09-03-2022 18:31"
}
]
