[
{
    "lastName": "Kubarev",
    "name": "Vadim",
    "midName": "",
    "id": 580596,
    "postId": 0
}
,{
    "lastName": "",
    "name": "ПланФикс",
    "midName": "",
    "id": 580602,
    "postId": 0
}
,{
    "lastName": "",
    "name": "Мария Демидова (демо)",
    "midName": "",
    "id": 580606,
    "postId": 0
}
,{
    "lastName": "",
    "name": "Николай Кузнецов (демо)",
    "midName": "",
    "id": 580608,
    "postId": 0
}
,{
    "lastName": "",
    "name": "Руководитель",
    "midName": "",
    "customData": {"Коэффициент": ""},
    "id": 615294,
    "postId": 0
}
]
